Restaurant ID,Restaurant Name,Country Code,Country,City,Address,Locality,Locality Verbose,Longitude,Latitude,Cuisines,cost for 2,Currency,Avg Cost for 2,Has Table booking,Has Online delivery,Is delivering now,Switch to order menu,Price range,Aggregate rating,Rating color,Rating text,Votes
16611114,Whitebull Hotel,14,Australia,Armidale,"117 Marsh St, Armidale, NSW",Armidale,"Armidale, Armidale",151.6688792,-30.5147169,"Bar Food, Steak",20,Dollar($),,No,No,No,No,2,3.5,Yellow,Good,25
16608864,Taste of Balingup,14,Australia,Balingup,"63 South Western Hwy, Balingup, WA",Balingup,"Balingup, Balingup",115.9844924,-33.7845269,Modern Australian,20,Dollar($),,No,No,No,No,2,3.2,Orange,Average,21
16604911,Bridge Road Brewers,14,Australia,Beechworth,"Old Coach House 50 Ford St, Beechworth, Beechworth, VIC",Beechworth,"Beechworth, Beechworth",146.685852,-36.360439,"Pizza, Bar Food",20,Dollar($),,No,No,No,No,2,4.6,Dark Green,Excellent,237
16615894,The Giggling Goat,14,Australia,Dicky Beach,"14 Beerburrum St, Dicky Beach, QLD",Dicky Beach,"Dicky Beach, Dicky Beach",153.137401,-26.783576,"Coffee and Tea, Tea, Modern Australian",7,Dollar($),,No,No,No,No,1,3.6,Yellow,Good,29
16612028,The Belle General,14,Australia,East Ballina,"12 Shelly Beach Rd, East Ballina, NSW",East Ballina,"East Ballina, East Ballina",153.593331,-28.862663,Cafe,20,Dollar($),,No,No,No,No,2,4.1,Green,Very Good,56
16613507,Flaxton Gardens,14,Australia,Flaxton,"313 Flaxton Drive, Flaxton, QLD",Flaxton,"Flaxton, Flaxton",152.8771473,-26.6521332,"Tea, Modern Australian",30,Dollar($),,No,No,No,No,3,3.5,Yellow,Good,37
16607969,Bespoke Harvest,14,Australia,Forrest,"16 Grant St, Forrest, VIC",Forrest,"Forrest, Forrest",143.714315,-38.517292,"Cafe, Australian",20,Dollar($),,No,No,No,No,2,3.7,Yellow,Good,29
16604358,Blue Bean Love Cafe,14,Australia,Hepburn Springs,"115 Main Rd, Hepburn Springs, Hepburn Springs, VIC",Hepburn Springs,"Hepburn Springs, Hepburn Springs",144.1387014,-37.3123267,"Cafe, Coffee and Tea, Modern Australian",20,Dollar($),,No,No,No,No,2,3.8,Yellow,Good,192
16604896,La Trattoria of Lavandula,14,Australia,Hepburn Springs,"350 Hepburn-Newstead Road, Hepburn Springs, VIC",Hepburn Springs,"Hepburn Springs, Hepburn Springs",144.110062,-37.275494,"Italian, Fusion, Cafe",7,Dollar($),,No,No,No,No,1,3.8,Yellow,Good,93
16612550,5 Little Pigs,14,Australia,Huskisson,"64 Owen St, Huskisson, NSW",Huskisson,"Huskisson, Huskisson",150.6710743,-35.0388698,"Breakfast, Modern Australian",20,Dollar($),,No,No,No,No,2,4.1,Green,Very Good,40
16606299,Beach Box Cafe,14,Australia,Inverloch,"6a Ramsay Blvd, Inverloch, VIC",Inverloch,"Inverloch, Inverloch",145.7287133,-38.6347458,"Burger, Coffee and Tea, Modern Australian",7,Dollar($),,No,No,No,No,1,3.7,Yellow,Good,100
16605794,Funkey Monkey,14,Australia,Lakes Entrance,"26 Myer street, Lakes Entrance, VIC",Lakes Entrance,"Lakes Entrance, Lakes Entrance",147.9942247,-37.8783865,"Breakfast, Coffee and Tea",7,Dollar($),,No,No,No,No,1,3.8,Yellow,Good,97
16611498,Stillwater on Belmore,14,Australia,Lorn,"27 Belmore Rd,, Lorn, NSW",Lorn,"Lorn, Lorn",151.558475,-32.728097,"Breakfast, Coffee and Tea",20,Dollar($),,No,No,No,No,2,3.6,Yellow,Good,18
17842104,Mr.,14,Australia,Macedon,"23 Victoria St, Macedon, VIC",Macedon,"Macedon, Macedon",144.564174,-37.423189,Cafe,20,Dollar($),,No,No,No,No,2,3.5,Yellow,Good,31
16611701,Star Buffet,14,Australia,Mayfield,"58 Hanbury St, Mayfield, NSW",Mayfield,"Mayfield, Mayfield",151.7343832,-32.899178,Asian,20,Dollar($),,No,No,No,No,2,2.9,Orange,Average,11
6703956,Super Grill,30,Brazil,Sí£o Paulo,"Shopping Morumbi - Piso Lazer, Avenida Roque Petroni Jí_nior, 1089, Santo Amaro, Sí£o Paulo","Shopping Morumbi, Santo Amaro","Shopping Morumbi, Santo Amaro, Sí£o Paulo",-46.698574,-23.622925,Brazilian,50,Brazilian Real(R$),13,No,No,No,No,2,0,White,Not rated,2
6600681,Chez Michou,30,Brazil,Brasí_lia,"SCLN, 208, Bloco A, Loja 30, Asa Norte, Brasí_lia",Asa Norte,"Asa Norte, Brasí_lia",-47.88178889,-15.76414167,"Fast Food, French",55,Brazilian Real(R$),14.3,No,No,No,No,2,3,Orange,Average,6
6710645,Cantinho da Gula,30,Brazil,Sí£o Paulo,"Rua Pedroso Alvarenga, 522, Itaim Bibi, Sí£o Paulo, SP",Itaim Bibi,"Itaim Bibi, Sí£o Paulo",-46.67566667,-23.581,Brazilian,55,Brazilian Real(R$),14.3,No,No,No,No,2,0,White,Not rated,0
6600441,Maori,30,Brazil,Brasí_lia,"CLN 110, Bloco D, Loja 28, Asa Norte, Brasí_lia",Asa Norte,"Asa Norte, Brasí_lia",-47.88816667,-15.75883333,Brazilian,60,Brazilian Real(R$),15.6,No,No,No,No,3,3.8,Yellow,Good,11
6601361,Buena Carne,30,Brazil,Brasí_lia,"Avenida Araucíçrias, 1325, Loja 19, íguas Claras, Brasí_lia",íguas Claras,"íguas Claras, Brasí_lia",-48.01909167,-15.839775,"Bar Food, Brazilian",60,Brazilian Real(R$),15.6,No,No,No,No,3,3.6,Yellow,Good,9
7301215,Bibi,30,Brazil,Rio de Janeiro,"Rua Santa Clara, 36, Copabana, Rio de Janeiro",Copacabana,"Copacabana, Rio de Janeiro",-43.18669167,-22.97207222,"Juices, Healthy Food",60,Brazilian Real(R$),15.6,No,No,No,No,3,4.7,Dark Green,Excellent,24
7300704,TT Burger,30,Brazil,Rio de Janeiro,"Galeria River, Rua Francisco Otaviano, 67, Copacabana, Rio de Janeiro","Galeria River, Copacabana","Galeria River, Copacabana, Rio de Janeiro",-43.191,-22.98683333,Burger,60,Brazilian Real(R$),15.6,No,No,No,No,3,4.8,Dark Green,Excellent,19
6701419,Divino Fogí£o,30,Brazil,Sí£o Paulo,"Shopping MetríÇ Santa Cruz - Piso L2, Rua Domingos de Morais, 2564, Vila Mariana, Sí£o Paulo","Shopping MetríÇ Santa Cruz, Vila Mariana","Shopping MetríÇ Santa Cruz, Vila Mariana, Sí£o Paulo",-46.63716667,-23.5995,"Brazilian, Mineira",65,Brazilian Real(R$),16.9,No,No,No,No,3,0,White,Not rated,2
7304307,Confeitaria Colombo,30,Brazil,Rio de Janeiro,"Rua Goní_alves Dias, 32, Centro, Rio de Janeiro",Centro,"Centro, Rio de Janeiro",-43.178826,-22.905293,"Desserts, Cafe",100,Brazilian Real(R$),26,No,No,No,No,4,4.8,Dark Green,Excellent,29
7300955,Braseiro da Gíçvea,30,Brazil,Rio de Janeiro,"Praí_a Santos Dumont, 116, Gíçvea, Rio de Janeiro",Gíçvea,"Gíçvea, Rio de Janeiro",-43.227042,-22.973507,"Brazilian, Bar Food",100,Brazilian Real(R$),26,No,No,No,No,4,4.9,Dark Green,Excellent,40
6700846,Kawa Sushi,30,Brazil,Sí£o Paulo,"Alameda Lorena, 300, Jardim Paulista, Sí£o Paulo",Jardim Paulista,"Jardim Paulista, Sí£o Paulo",-46.657418,-23.571638,"Sushi, Japanese",120,Brazilian Real(R$),31.2,No,No,No,No,4,3.5,Yellow,Good,9
6701257,Meats,30,Brazil,Sí£o Paulo,"Rua dos Pinheiros, 320, Pinheiros, Sí£o Paulo",Pinheiros,"Pinheiros, Sí£o Paulo",-46.68133333,-23.56483333,"Gourmet Fast Food, Burger",120,Brazilian Real(R$),31.2,No,No,No,No,4,4.3,Green,Very Good,68
6713772,Sainte Marie Gastronomia,30,Brazil,Sí£o Paulo,"Rua Dom Joí£o Batista da Costa, 70, Vila SíÇnia, Sí£o Paulo",Vila SíÇnia,"Vila SíÇnia, Sí£o Paulo",-46.746958,-23.609207,"Lebanese, Arabian",120,Brazilian Real(R$),31.2,No,No,No,No,4,4.1,Green,Very Good,11
7303219,Pesqueiro Eco Gourmet,30,Brazil,Rio de Janeiro,"Praia da Barra da Tijuca, Avenida Lí_cio Costa, Ilha 25, Barra da Tijuca, Rio de Janeiro",Barra da Tijuca,"Barra da Tijuca, Rio de Janeiro",-43.377,-23.0115,"Seafood, Bar Food, Brazilian",140,Brazilian Real(R$),36.4,No,No,No,No,4,4,Green,Very Good,7
6600083,Villa Tevere,30,Brazil,Brasí_lia,"CLS 115, Bloco A, Loja 2, Asa Sul, Brasí_lia",Asa Sul,"Asa Sul, Brasí_lia",-47.92366667,-15.83133333,Italian,150,Brazilian Real(R$),39,No,No,No,No,4,4.1,Green,Very Good,12
16659169,Tokyo Sushi,37,Canada,Chatham-Kent,"150 Richmond St, Chatham-Kent, ON N7M2V2",Chatham-Kent,"Chatham-Kent, Chatham-Kent",-82.188438,42.397683,"Japanese, Sushi",25,Dollar($),,No,No,No,No,2,3.7,Yellow,Good,176
16643459,Consort Restaurant,37,Canada,Consort,"4931 50th Street, Consort, AB T0C 1B0",Consort,"Consort, Consort",-110.7746994,52.0082889,"Chinese, Canadian",25,Dollar($),,No,No,No,No,2,3,Orange,Average,6
16654702,Lake House Restaurant,37,Canada,Vineland Station,"3100 N Service Rd, Vineland Station, ON L0R2E0",Vineland Station,"Vineland Station, Vineland Station",-79.3791465,43.1868697,"Italian, Mediterranean, Pizza",70,Dollar($),,No,No,No,No,4,4.3,Green,Very Good,204
16668008,Arigato Sushi,37,Canada,Yorkton,"14 Second Ave North, Yorkton, SK S3N 1G1",Yorkton,"Yorkton, Yorkton",-102.4613173,51.2106824,Asian,25,Dollar($),,No,No,No,No,2,3.3,Orange,Average,26
18466410,Delhi Chaat Bhandar,1,India,New Delhi,"Indira Vikas Colony, Near Nirankari School, Mukherjee Nagar,  New Delhi",Mukherjee Nagar,"Mukherjee Nagar, New Delhi",77.2087734,28.7130677,Street Food,50,Indian Rupees(Rs.),0.7,No,No,No,No,1,0,White,Not rated,0
310988,Special Tea Point,1,India,New Delhi,"Ground Floor, Vardhman Central Mall, Nehru Vihar, Mukherjee Nagar, New Delhi",Mukherjee Nagar,"Mukherjee Nagar, New Delhi",77.2188247,28.709454,"Street Food, North Indian",50,Indian Rupees(Rs.),0.7,No,No,No,No,1,0,White,Not rated,0
310952,Student Corner,1,India,New Delhi,"G-94, Vardhman Central Mall, Nehru Vihar, Mukherjee Nagar, New Delhi",Mukherjee Nagar,"Mukherjee Nagar, New Delhi",77.2188247,28.7091854,Fast Food,50,Indian Rupees(Rs.),0.7,No,No,No,No,1,0,White,Not rated,0
9271,Raju De Special Paneer Wale,1,India,New Delhi,"1506, Chawla Stand, Gaushala Road, Najafgarh, New Delhi",Najafgarh,"Najafgarh, New Delhi",76.9856215,28.6100946,North Indian,50,Indian Rupees(Rs.),0.7,No,No,No,No,1,0,White,Not rated,0
306653,Yadav Ji Chholey Bhature,1,India,New Delhi,"Main Road, Mahavir Enclave, Part 3, Palam, New Delhi",Palam,"Palam, New Delhi",77.0686475,28.6062929,Street Food,50,Indian Rupees(Rs.),0.7,No,No,No,No,1,0,White,Not rated,1
18455545,Freezy,1,India,New Delhi,"Shop 11, Opposite Super Medicos, Main Market, Subhash Nagar, New Delhi",Subhash Nagar,"Subhash Nagar, New Delhi",77.1184103,28.6351694,Ice Cream,50,Indian Rupees(Rs.),0.7,No,No,No,No,1,0,White,Not rated,0
18430905,Ram Ram Ji Kachori Bhandar,1,India,New Delhi,"WZ 10, Tihar Village, Main Road, Subhash Nagar, New Delhi",Subhash Nagar,"Subhash Nagar, New Delhi",77.1079298,28.6360338,Street Food,50,Indian Rupees(Rs.),0.7,No,No,No,No,1,0,White,Not rated,0
18492057,Shree Raja Ram,1,India,New Delhi,"WZ 56, Meenakshi Garden, Subhash Nagar, New Delhi",Subhash Nagar,"Subhash Nagar, New Delhi",77.1055523,28.6398129,Fast Food,50,Indian Rupees(Rs.),0.7,No,No,No,No,1,0,White,Not rated,0
311866,Mx Corn,1,India,Gurgaon,"Ground Floor, Ansal Plaza Mall, Palam Vihar, Gurgaon","Ansal Plaza Mall, Palam Vihar","Ansal Plaza Mall, Palam Vihar, Gurgaon",77.0418253,28.5114067,Fast Food,100,Indian Rupees(Rs.),1.4,No,No,No,No,1,0,White,Not rated,2
18291231,Gopi Sweets & Caters,1,India,Gurgaon,"Vohra Market, Near Government School, Ardee City, Gurgaon",Ardee City,"Ardee City, Gurgaon",77.0787448,28.4346864,"Mithai, North Indian",100,Indian Rupees(Rs.),1.4,No,No,No,No,1,0,White,Not rated,0
302229,Shree Bikaner Misthan Bhandar,1,India,Gurgaon,"U-5/50, Road 16, DLF Phase 3, Gurgaon",DLF Phase 3,"DLF Phase 3, Gurgaon",77.0941281,28.4921002,"Street Food, Mithai",100,Indian Rupees(Rs.),1.4,No,Yes,No,No,1,3.1,Orange,Average,29
18396399,French Omelette,1,India,Gurgaon,"New Colony More, Old Railway Road, Gurgaon",Old Railway Road,"Old Railway Road, Gurgaon",77.0204174,28.4668549,Fast Food,100,Indian Rupees(Rs.),1.4,No,No,No,No,1,3.2,Orange,Average,7
18017239,Mangle Di Kulfi,1,India,Gurgaon,"154-B, New Colony Road, New Colony, Old Railway Road, Gurgaon",Old Railway Road,"Old Railway Road, Gurgaon",77.0168909,28.4655014,"Ice Cream, Desserts",100,Indian Rupees(Rs.),1.4,No,No,No,No,1,3.6,Yellow,Good,18
304771,Bansiwala Sweets,1,India,Gurgaon,"Sector 5 Chowk, Palam Vihar Road, Palam Vihar, Gurgaon",Palam Vihar,"Palam Vihar, Gurgaon",77.0197677,28.4859483,"Street Food, Mithai",100,Indian Rupees(Rs.),1.4,No,No,No,No,1,0,White,Not rated,1
7423620,Momo Milk,94,Indonesia,Bogor,"Jl. Kantor Pos No. 6, Bogor Timur, Bogor",Bogor Timur,"Bogor Timur, Bogor",106.8103014,-6.606916768,"Cafe, Desserts, Beverages",70000,Indonesian Rupiah(IDR),4.97,No,No,No,No,2,3.7,Yellow,Good,783
18409146,Fish Streat,94,Indonesia,Jakarta,"Jl. Tanjung Duren Utara III, Blok M Kav. 32, Tanjung Duren, Jakarta",Tanjung Duren,"Tanjung Duren, Jakarta",0,0,"Seafood, Western",100000,Indonesian Rupiah(IDR),7.1,No,No,No,No,3,3.4,Orange,Average,152
18408381,Fish Streat,94,Indonesia,Jakarta,"Jl. Tebet Timur Dalam Raya 44B, Tebet, Jakarta",Tebet,"Tebet, Jakarta",106.8564133,-6.232815715,"Seafood, Western",100000,Indonesian Rupiah(IDR),7.1,No,No,No,No,3,4,Green,Very Good,331
18370659,Flip Burger,94,Indonesia,Jakarta,"Jl. Senopati No. 27, Senopati, Jakarta",Senopati,"Senopati, Jakarta",106.8085503,-6.23077495,Burger,120000,Indonesian Rupiah(IDR),8.52,No,No,No,No,3,4.4,Green,Very Good,410
18400530,Noah's Barn Coffeenery,94,Indonesia,Bandung,"Jl. Dayang Sumbi No. 2, Dago, Bandung",Dago,"Dago, Bandung",107.6127895,-6.887057501,"Cafe, Coffee and Tea, Western",150000,Indonesian Rupiah(IDR),10.65,No,No,No,No,3,4.2,Green,Very Good,22
7405789,Toodz House,94,Indonesia,Jakarta,"Jl. Cipete Raya No. 79, Fatmawati, Jakarta",Fatmawati,"Fatmawati, Jakarta",106.801782,-6.278012,"Cafe, Italian, Coffee and Tea, Western, Indonesian",165000,Indonesian Rupiah(IDR),11.715,No,No,No,No,3,4.6,Dark Green,Excellent,1476
7422633,Talaga Sampireun,94,Indonesia,Jakarta,Jl. Lingkar Luar Barat,Cengkareng,"Cengkareng, Jakarta",106.7285083,-6.168466667,"Sunda, Indonesian",200000,Indonesian Rupiah(IDR),14.2,No,No,No,No,3,4.9,Dark Green,Excellent,1662
7000162,Giapo,148,New Zealand,Auckland,"12 Gore Street, Auckland CBD, Auckland",Britomart,"Britomart, Auckland",174.768851,-36.845553,"Ice Cream, Desserts",20,NewZealand($),13.6,No,No,No,No,1,4.7,Dark Green,Excellent,617
18217279,Miann,148,New Zealand,Auckland,"57 Fort Street, Auckland Auckland CBD",Fort Street,"Fort Street, Auckland",174.768986,-36.84604966,Desserts,25,NewZealand($),17,No,No,No,No,1,4.9,Dark Green,Excellent,281
7101011,Ekim Burgers,148,New Zealand,Wellington City,"257 Cuba Street, Te Aro, Wellington City",Te Aro,"Te Aro, Wellington City",174.774151,-41.296107,Fast Food,25,NewZealand($),17,No,No,No,No,1,4.5,Dark Green,Excellent,195
7000992,Eden Noodles Cafe Î__Î‡_†ƒ_†ƒ_¢,148,New Zealand,Auckland,"105 Dominion Road, Mt Eden, Auckland 1024",Mt Eden,"Mt Eden, Auckland",174.7524415,-36.87177949,Chinese,35,NewZealand($),23.8,No,No,No,No,2,4.3,Green,Very Good,212
18251260,Kiss Kiss,148,New Zealand,Auckland,"1 Rocklands Avenue, Balmoral, Auckland",Balmoral,"Balmoral, Auckland",174.74808,-36.888662,Thai,40,NewZealand($),27.2,No,No,No,No,2,4.3,Green,Very Good,133
7003855,Orleans,148,New Zealand,Auckland,"Roukai Lane, 48 Custom Street East, Britomart, Auckland CBD, Auckland 1010",Britomart,"Britomart, Auckland",174.7695519,-36.8453314,American,65,NewZealand($),44.2,No,No,No,No,3,4.1,Green,Very Good,431
18383350,Tucks and Bao,148,New Zealand,Auckland,"19 Davis Cresent, Newmarket, Auckland 1023",Newmarket,"Newmarket, Auckland",174.777987,-36.86565,"Asian Fusion, Pub Food, Fusion, Asian, Filipino, Malaysian, Thai",70,NewZealand($),47.6,No,No,No,No,4,3.5,Yellow,Good,86
7100171,Ombra,148,New Zealand,Wellington City,"199 Cuba Street, Te Aro, Wellington City",Te Aro,"Te Aro, Wellington City",174.775,-41.29483333,Italian,70,NewZealand($),47.6,No,No,No,No,4,4.5,Dark Green,Excellent,152
7100938,wagamama,148,New Zealand,Wellington City,"33 Customhouse Quay, Wellington Central, Wellington City 6011",Wellington Central,"Wellington Central, Wellington City",174.7792237,-41.28303381,"Japanese, Asian",70,NewZealand($),47.6,No,No,No,No,4,3.7,Yellow,Good,131
7101310,Loretta,148,New Zealand,Wellington City,"181 Cuba Street, Te Aro, Wellington City",Te Aro,"Te Aro, Wellington City",174.775296,-41.294154,"European, Cafe",80,NewZealand($),54.4,No,No,No,No,4,4.2,Green,Very Good,113
7101000,Olive,148,New Zealand,Wellington City,"170 Cuba Street, Te Aro, Wellington City",Te Aro,"Te Aro, Wellington City",174.775005,-41.294402,"Mediterranean, Cafe, European",80,NewZealand($),54.4,No,No,No,No,4,4.2,Green,Very Good,146
7000095,Depot Eatery and Oyster Bar,148,New Zealand,Auckland,"86 Federal Street, Auckland CBD, Auckland, 1010",Federal Street,"Federal Street, Auckland",174.762527,-36.848988,"Seafood, Kiwi",90,NewZealand($),61.2,No,No,No,No,4,4.8,Dark Green,Excellent,598
18419011,The Kimchi Project,148,New Zealand,Auckland,"20 Lorne Street, Auckland CBD, Auckland",Lorne Street,"Lorne Street, Auckland",174.765767,-36.85014119,"Asian Fusion, Cafe",90,NewZealand($),61.2,No,No,No,No,4,4.2,Green,Very Good,61
7006107,The Garden Shed,148,New Zealand,Auckland,"470 Mt Eden Road, Mt Eden, Auckland 1024",Mt Eden,"Mt Eden, Auckland",174.762354,-36.882604,"Kiwi, European",90,NewZealand($),61.2,No,No,No,No,4,4.2,Green,Very Good,271
7100788,The Crab Shack,148,New Zealand,Wellington City,"15 Jervois Quay, Queens Wharf, Wellington Central, Wellington City",Wellington Central,"Wellington Central, Wellington City",174.7791667,-41.28483333,"Seafood, Kiwi",90,NewZealand($),61.2,No,No,No,No,4,4.1,Green,Very Good,229
7001208,De Fontein Belgian Beer Cafe,148,New Zealand,Auckland,"75-79 Tamaki Drive, Mission Bay, Auckland",Mission Bay,"Mission Bay, Auckland",174.8320893,-36.84831519,European,100,NewZealand($),68,No,No,No,No,4,2.3,Red,Poor,402
7100660,Dragonfly,148,New Zealand,Wellington City,"70 Courtenay Place, Te Aro, Wellington City",Te Aro,"Te Aro, Wellington City",174.7806667,-41.293,Asian,100,NewZealand($),68,No,No,No,No,4,4.3,Green,Very Good,143
7100811,Floriditas,148,New Zealand,Wellington City,"161 Cuba Street, Te Aro, Wellington City",Te Aro,"Te Aro, Wellington City",174.7755,-41.29383333,"Italian, Cafe",105,NewZealand($),71.4,No,No,No,No,4,4.2,Green,Very Good,170
7101081,Charley Noble Eatery & Bar,148,New Zealand,Wellington City,"Huddart Parker Building, Ground Floor, 1 Post Office Square, Wellington Central, Wellington City",Wellington Central,"Wellington Central, Wellington City",174.7774651,-41.28496092,European,110,NewZealand($),74.8,No,No,No,No,4,4.3,Green,Very Good,141
7003682,Baduzzi,148,New Zealand,Auckland,"10-26 Jellicoe Street, Wynyard Quarter, Auckland CBD, Auckland 1010",Wynyard Quarter,"Wynyard Quarter, Auckland",174.7570233,-36.84109176,Italian,120,NewZealand($),81.6,No,No,No,No,4,4.6,Dark Green,Excellent,413
7001670,Eight - The Langham Hotel,148,New Zealand,Auckland,"The Langham Hotel, 83 Symonds Street, Grafton, Auckland","The Langham Hotel, Auckland CBD","The Langham Hotel, Auckland CBD, Auckland",174.764078,-36.857474,European,190,NewZealand($),129.2,No,No,No,No,4,4.7,Dark Green,Excellent,412
7100119,Hippopotamus - Museum Hotel,148,New Zealand,Wellington City,"Museum Hotel, Level 3, 90 Cable Street, Te Aro, Wellington City",Te Aro,"Te Aro, Wellington City",174.782427,-41.291774,"French, Kiwi",200,NewZealand($),136,No,No,No,No,4,4.4,Green,Very Good,125
18255654,Hobing Korean Dessert Cafe,162,Phillipines,Taguig City,"Third Floor, BGC Stopover Pavillion, Rizal Drive Corner 31st Street, Bonifacio Global City, Taguig City","BGC Stopover Pavillion, Bonifacio Global City","BGC Stopover Pavillion, Bonifacio Global City, Taguig City",121.045878,14.55436,"Cafe, Korean, Desserts",600,Piso,11.4,No,No,No,No,2,4.5,Dark Green,Excellent,118
6314605,Sodam Korean Restaurant,162,Phillipines,San Juan City,"17 J. Abad Santos Drive, Little Baguio, San Juan City",Little Baguio,"Little Baguio, San Juan City",121.03811,14.59889,Korean,700,Piso,13.3,No,No,No,No,3,4.3,Green,Very Good,223
6309903,Silantro Fil-Mex,162,Phillipines,Pasig City,"75 East Capitol Drive, Kapitolyo, Pasig City",Kapitolyo,"Kapitolyo, Pasig City",121.057916,14.567689,"Filipino, Mexican",800,Piso,15.2,No,No,No,No,3,4.9,Dark Green,Excellent,1070
6318506,Ooma,162,Phillipines,Mandaluyong City,"Third Floor, Mega Fashion Hall, SM Megamall, Ortigas, Mandaluyong City","SM Megamall, Ortigas, Mandaluyong City","SM Megamall, Ortigas, Mandaluyong City, Mandaluyong City",121.056475,14.585318,"Japanese, Sushi",1500,Piso,28.5,No,No,No,No,4,4.9,Dark Green,Excellent,365
6314302,Sambo Kojin,162,Phillipines,Mandaluyong City,"Third Floor, Mega Atrium, SM Megamall, Ortigas, Mandaluyong City","SM Megamall, Ortigas, Mandaluyong City","SM Megamall, Ortigas, Mandaluyong City, Mandaluyong City",121.057508,14.58445,"Japanese, Korean",1500,Piso,28.5,Yes,No,No,No,4,4.8,Dark Green,Excellent,229
6308205,Wildflour Cafe + Bakery,162,Phillipines,Taguig City,"Ground Floor, Netlima Building, 4th Avenue Corner 26th Street, Bonifacio Global City, Taguig City",Bonifacio Global City,"Bonifacio Global City, Taguig City",121.04622,14.549337,"Cafe, Bakery, American, Italian",1500,Piso,28.5,Yes,No,No,No,4,4.4,Green,Very Good,392
6310406,The Food Hall by Todd English,162,Phillipines,Taguig City,"Fifth Floor, SM Aura Premier, C5 Corner 26th Street, Bonifacio Global City, Taguig City","SM Aura Premier, Bonifacio Global City, Taguig City","SM Aura Premier, Bonifacio Global City, Taguig City, Taguig City",121.0534998,14.54565535,"American, Asian, Italian, Seafood",1800,Piso,34.2,Yes,No,No,No,4,4.5,Dark Green,Excellent,618
6300781,Buffet 101,162,Phillipines,Pasay City,"Building K, SM By The Bay, Sunset Boulevard, Mall of Asia Complex (MOA), Pasay City","SM by the Bay, Mall of Asia Complex, Pasay City","SM by the Bay, Mall of Asia Complex, Pasay City, Pasay City",120.9796667,14.53133333,"Asian, European",2000,Piso,38,Yes,No,No,No,4,4,Green,Very Good,520
6301290,Vikings,162,Phillipines,Pasay City,"Building B, By The Bay, Seaside Boulevard, Mall of Asia Complex (MOA), Pasay City","SM by the Bay, Mall of Asia Complex, Pasay City","SM by the Bay, Mall of Asia Complex, Pasay City, Pasay City",120.9793333,14.54,"Seafood, Filipino, Asian, European",2000,Piso,38,Yes,No,No,No,4,4.2,Green,Very Good,677
6315438,NIU by Vikings,162,Phillipines,Taguig City,"Sixth Floor, SM Aura Premier, C5 Road Corner 26th Street, Bonifacio Global City, Taguig City","SM Aura Premier, Bonifacio Global City, Taguig City","SM Aura Premier, Bonifacio Global City, Taguig City, Taguig City",121.053725,14.545858,"Seafood, American, Mediterranean, Japanese",3000,Piso,57,Yes,No,No,No,4,4.7,Dark Green,Excellent,535
6300002,Heat - Edsa Shangri-La,162,Phillipines,Mandaluyong City,"Edsa Shangri-La, 1 Garden Way, Ortigas, Mandaluyong City","Edsa Shangri-La, Ortigas, Mandaluyong City","Edsa Shangri-La, Ortigas, Mandaluyong City, Mandaluyong City",121.056831,14.581404,"Seafood, Asian, Filipino, Indian",4000,Piso,76,Yes,No,No,No,4,4.4,Green,Very Good,270
6300010,Spiral - Sofitel Philippine Plaza Manila,162,Phillipines,Pasay City,"Plaza Level, Sofitel Philippine Plaza Manila, CCP Complex, Pasay City","Sofitel Philippine Plaza Manila, Pasay City","Sofitel Philippine Plaza Manila, Pasay City, Pasay City",120.98009,14.55299,"European, Asian, Indian",6000,Piso,114,Yes,No,No,No,4,4.9,Dark Green,Excellent,621
6202515,Gokul Gujarati Restaurant,166,Qatar,Doha,"Opposite Masjid, Ibn Mahmoud Street, Fereej Bin Mahmoud, Doha",Fereej Bin Mahmoud,"Fereej Bin Mahmoud, Doha",51.5141453,25.2859356,Indian,50,Qatari Rial(QR),13.5,No,No,No,No,2,4.3,Green,Very Good,211
6201309,MRA Bakery Sweets & Restaurant,166,Qatar,Doha,"Opposite Aster Pharmacy, Al Taei Street, Al Ghanim, Doha",Al Ghanim,"Al Ghanim, Doha",51.5369233,25.2802233,"Kerala, Indian, Chinese, Bakery",60,Qatari Rial(QR),16.2,No,No,No,No,3,4,Green,Very Good,322
6201976,Indian Coffee House,166,Qatar,Doha,"Beside Le Mirage Suites, Fereej Abdul Aziz Street, Al Doha Al Jadeeda, Doha",Al Doha Al Jadeeda,"Al Doha Al Jadeeda, Doha",51.5210744,25.276109,Indian,80,Qatari Rial(QR),21.6,No,No,No,No,3,3.4,Orange,Average,350
18295472,Gymkhana,166,Qatar,Doha,"Ground Floor, Al Jomrok Boutique Hotel, Souq Waqif, Doha",Souq Waqif,"Souq Waqif, Doha",51.5333165,25.2894111,Indian,250,Qatari Rial(QR),67.5,Yes,No,No,No,4,4.7,Dark Green,Excellent,114
18107765,Zaffran Dining Experience,166,Qatar,Doha,"Al Emadi Financial Square, C Ring Road, Al Hilal, Doha","Al Emadi Financial Square, Al Hilal","Al Emadi Financial Square, Al Hilal, Doha",51.5274557,25.2625016,Indian,300,Qatari Rial(QR),81,No,No,No,No,4,4.6,Dark Green,Excellent,348
6201360,Paper Moon,166,Qatar,Doha,"Beside Jarir Bookstore, Jaidah Square, Al Matar Street, Umm Ghuwailina, Doha",Umm Ghuwailina,"Umm Ghuwailina, Doha",51.54457591,25.27301974,Italian,400,Qatari Rial(QR),108,No,No,No,No,4,4.5,Dark Green,Excellent,145
18261203,Sabai Thai - The Westin Doha Hotel & Spa,166,Qatar,Doha,"Ground Floor, The Westin Doha Hotel & Spa, Fereej Bin Mahmoud, Doha","The Westin Doha Hotel & Spa, Fereej Bin Mahmoud","The Westin Doha Hotel & Spa, Fereej Bin Mahmoud, Doha",51.512909,25.27618,Thai,445,Qatari Rial(QR),120.15,No,No,No,No,4,4.3,Green,Very Good,73
6201431,Coral - InterContinental Doha,166,Qatar,Doha,"Lower Ground Floor, Hotel Intercontinental Doha, Al Isteqlal Road, Westbay, Doha","Hotel Intercontinental Doha, Westbay","Hotel Intercontinental Doha, Westbay, Doha",51.530046,25.348622,International,500,Qatari Rial(QR),135,No,No,No,No,4,3.7,Yellow,Good,58
6201130,Vine - The St. Regis,166,Qatar,Doha,"1st Floor, The St. Regis Hotel, Westbay, Doha","The St. Regis, Westbay","The St. Regis, Westbay, Doha",51.530127,25.350325,International,550,Qatari Rial(QR),148.5,No,No,No,No,4,4.4,Green,Very Good,67
18483372,Sky On 57,184,Singapore,Singapore,"10 Bayfront Avenue, 57 Marina Bay Sands 018956","Bayfront Avenue, Downtown Core","Bayfront Avenue, Downtown Core, Singapore",103.8600048,1.2826608,"Chinese, Continental, Singaporean",300,Dollar($),,No,No,No,No,4,3.4,Orange,Average,34
18484349,Cut By Wolfgang Puck,184,Singapore,Singapore,"2 Bayfront Avenue, B1-71 Marina Bay Sands 018972","Bayfront Subzone, Downtown Core","Bayfront Subzone, Downtown Core, Singapore",103.8594222,1.285476931,"American, Steak",270,Dollar($),,No,No,No,No,4,4,Green,Very Good,33
18496057,Restaurant Andre,184,Singapore,Singapore,41 Bukit Pasoh Road 089855,"Cantonment Road, Outram","Cantonment Road, Outram, Singapore",103.8403602,1.279419756,"French, Mediterranean, European",500,Dollar($),,No,No,No,No,4,3.8,Yellow,Good,33
18483389,Potato Head Folk,184,Singapore,Singapore,36 Keong Saik Road 089143,"Chinatown, Outram","Chinatown, Outram, Singapore",103.8416688,1.280502991,American,80,Dollar($),,No,No,No,No,4,3.1,Orange,Average,34
18483222,Jaan,184,Singapore,Singapore,"2 Stamford Road, Level 70 Equinox Complex 178882","City Hall, Downtown Core","City Hall, Downtown Core, Singapore",103.8536048,1.293220698,French,430,Dollar($),,No,No,No,No,4,3.8,Yellow,Good,35
18483085,Rhubarb Le Restaurant,184,Singapore,Singapore,"3 Duxton Hill, Duxton 089589","Duxton Hill, Outram","Duxton Hill, Outram, Singapore",103.8430222,1.27944363,French,315,Dollar($),,No,No,No,No,4,3.9,Yellow,Good,33
18484423,Al'frank Cookies,184,Singapore,Singapore,12 Haji Lane 189205,"Haji Lane, Rochor","Haji Lane, Rochor, Singapore",103.859422,1.300404333,Bakery,20,Dollar($),,No,No,No,No,2,4.2,Green,Very Good,29
6401198,Origin Coffee Roasting,189,South Africa,Cape Town,"28 Hudson Street, De Waterkant, Cape Town",De Waterkant,"De Waterkant, Cape Town",18.41766667,-33.91733333,"Cafe, Bakery, Tea, Vegetarian",200,Rand(R),14.4,No,No,No,No,3,4,Green,Very Good,185
75609,Capital Craft Beer Academy,189,South Africa,Pretoria,"Greenlyn Village, Shop 20, 13th Street, Menlo Park, Near, Lynnwood, Pretoria","Greenlyn Village, Menlopark, Near Lynnwood","Greenlyn Village, Menlopark, Near Lynnwood, Pretoria",28.25643333,-25.76973333,"Street Food, Burger, American, Finger Food, German",200,Rand(R),14.4,No,No,No,No,3,4.4,Green,Very Good,301
75104,Parrot's,189,South Africa,Pretoria,"Menlyn Shopping Centre, Corner of Atterbury Road & Lois Avenue, Menlyn, Pretoria","Menlyn Shopping Centre, Menlyn","Menlyn Shopping Centre, Menlyn, Pretoria",28.275316,-25.783539,"Contemporary, Sushi, Grill, Italian, Steak",200,Rand(R),14.4,No,No,No,No,3,3.4,Orange,Average,111
6502134,The Whippet,189,South Africa,Randburg,"Corner of 7th Street and 4th Avenue, Linden, Randburg 2195",Linden,"Linden, Randburg",27.991791,-26.14026,Cafe,200,Rand(R),14.4,No,No,No,No,3,4.3,Green,Very Good,618
6403544,Jarryds,189,South Africa,Cape Town,"90 Regent Road, Sea Point, Cape Town",Sea Point,"Sea Point, Cape Town",18.381997,-33.921453,"Cafe, Burger",230,Rand(R),16.56,No,No,No,No,3,4.8,Dark Green,Excellent,319
6402177,Salushi,189,South Africa,Cape Town,"25 Protea Road, Claremont, Cape Town",Claremont,"Claremont, Cape Town",18.462423,-33.978602,"Japanese, Sushi, Asian",250,Rand(R),18,No,No,No,No,3,3.9,Yellow,Good,239
6403291,Jerry's Burger Bar,189,South Africa,Cape Town,"5 Park Road, Kloof Street, Gardens, Cape Town",Gardens,"Gardens, Cape Town",18.410769,-33.929022,"Burger, American",250,Rand(R),18,No,No,No,No,3,4.4,Green,Very Good,281
6403499,Active Sushi,189,South Africa,Cape Town,"32 Hudson Street, Mirage Building, Green Point, Cape Town",Green Point,"Green Point, Cape Town",18.417566,-33.917258,Sushi,250,Rand(R),18,No,No,No,No,3,3.8,Yellow,Good,127
6404082,Rocomamas,189,South Africa,Cape Town,"107a Main Road, Green Point, Cape Town",Green Point,"Green Point, Cape Town",18.409153,-33.907776,"Burger, Fast Food, Grill",250,Rand(R),18,No,No,No,No,3,3.6,Yellow,Good,131
75132,Crawdaddy's,189,South Africa,Pretoria,"Waterglen Shopping Centre, Corner of Garsfontein Road & January Masilela Drive, Waterkloof Glen, Pretoria","Waterglen Shopping Centre, Garsfontein","Waterglen Shopping Centre, Garsfontein, Pretoria",28.28159167,-25.79399333,"Continental, Seafood, Burger, South African, Finger Food, Grill",250,Rand(R),18,No,No,No,No,3,4,Green,Very Good,158
75683,23 On Hazelwood,189,South Africa,Pretoria,"23 Hazelwood Road, Menlo Park, Near, Waterkloof, Pretoria",Waterkloof,"Waterkloof, Pretoria",28.257074,-25.775722,"Street Food, Continental, Burger, Grill",250,Rand(R),18,No,No,No,No,3,3.9,Yellow,Good,135
18136493,Hogshead,189,South Africa,Pretoria,"Corner Dely & Pinaster Roads, Hazelwood, Waterkloof, Pretoria",Waterkloof,"Waterkloof, Pretoria",28.25626243,-25.7779816,"Grill, Burger",250,Rand(R),18,No,No,No,No,3,4.1,Green,Very Good,258
6502852,Social on Main,189,South Africa,Sandton,"Shop 1, Posthouse Centre, Corner Main Road & Posthouse Street, Bryanston, Sandton 2021",Bryanston,"Bryanston, Sandton",28.023143,-26.052744,"Contemporary, Burger, European",250,Rand(R),18,No,No,No,No,3,4,Green,Very Good,504
6502883,Perron,189,South Africa,Sandton,"Illovo Junction, Corner Oxford Road and Corlett Drive, Illovo, Sandton",Illovo,"Illovo, Sandton",28.04833811,-26.13493464,Mexican,250,Rand(R),18,No,No,No,No,3,4.2,Green,Very Good,581
6400235,Gibson's Gourmet Burgers & Ribs,189,South Africa,Cape Town,"Shop 157, Lower Level, Victoria Wharf, V & A Waterfront, Cape Town","Victoria Wharf, V & A Waterfront","Victoria Wharf, V & A Waterfront, Cape Town",18.42030041,-33.9042665,"Burger, American, Grill",270,Rand(R),19.44,No,No,No,No,3,4.1,Green,Very Good,298
18289339,Culture Club - Bar De Tapas,189,South Africa,Pretoria,"15, 16th Street, Waterkloof, Pretoria 0081",Waterkloof,"Waterkloof, Pretoria",28.255682,-25.775823,"Cafe, Tapas, South African, Beverages, Healthy Food, Desserts, Spanish",285,Rand(R),20.52,No,No,No,No,3,4.5,Dark Green,Excellent,97
18395463,The Butcher's Wife,189,South Africa,Cape Town,"15 Belgravia Road, Athlone, Cape Town",Athlone,"Athlone, Cape Town",18.51440571,-33.96466043,"Pizza, Grill",294,Rand(R),21.168,No,No,No,No,3,3.7,Yellow,Good,22
18337845,Coco Safar,189,South Africa,Cape Town,"Ground Floor, Cavendish Square, Claremont, Cape Town","Cavendish Square, Claremont","Cavendish Square, Claremont, Cape Town",18.46489381,-33.97975702,"Cafe, Patisserie",300,Rand(R),21.6,No,No,No,No,4,4.1,Green,Very Good,88
6517396,Momo Baohaus,189,South Africa,Johannesburg,"139 Greenway, Greenside, Johannesburg",Greenside,"Greenside, Johannesburg",28.011059,-26.14658,"Asian, Sushi, Tapas",300,Rand(R),21.6,No,No,No,No,4,4.3,Green,Very Good,180
18199742,El Pistolero,189,South Africa,Pretoria,"Corner Duvernoy and Chopin Street, Garsfontein, Pretoria",Garsfontein,"Garsfontein, Pretoria",28.287114,-25.80283,Mexican,300,Rand(R),21.6,No,No,No,No,4,4.3,Green,Very Good,116
18238595,Brooklyn Brothers,189,South Africa,Pretoria,"Glenfair Boulevard, Corner Lynnwood & Daventry Road, Lynnwood Manor, Lynnwood, Pretoria","Glenfair Boulevard, Lynnwood  ","Glenfair Boulevard, Lynnwood  , Pretoria",28.280437,-25.765656,"Burger, American, Beverages",300,Rand(R),21.6,No,No,No,No,4,3.8,Yellow,Good,57
6517404,The Smokehouse and Grill,189,South Africa,Sandton,"Pineslopes Shopping Centre, Corner of Witkoppen Drive & The Straight, Fourways, Sandton","Pineslopes Shopping Centre, Fourways","Pineslopes Shopping Centre, Fourways, Sandton",28.014749,-26.021362,Steak,300,Rand(R),21.6,No,No,No,No,4,4.4,Green,Very Good,90
6401789,tashas,189,South Africa,Cape Town,"Ground Level, Victoria Wharf, V & A Waterfront, Cape Town",V & A Waterfront,"V & A Waterfront, Cape Town",18.421341,-33.902336,"Cafe, Mediterranean",320,Rand(R),23.04,No,No,No,No,4,4.1,Green,Very Good,374
75031,Geet Indian Restaurant,189,South Africa,Pretoria,"541 Fehrsen Street, Nieuw Muckleneuk, Brooklyn, Pretoria",Brooklyn,"Brooklyn, Pretoria",28.235482,-25.771335,Indian,320,Rand(R),23.04,No,No,No,No,4,4.4,Green,Very Good,147
18318846,Spice - The Indian Kitchen,189,South Africa,Pretoria,"Lynridge Mall, 1 Jacobson Drive, Lynnwood, Pretoria",Lynnwood,"Lynnwood, Pretoria",28.298357,-25.765752,"Indian, Asian, Durban, International, Desserts",320,Rand(R),23.04,No,No,No,No,4,4.3,Green,Very Good,43
6516432,Salsa Mexican Grill,189,South Africa,Sandton,"Pineslopes Shopping Centre, Corner of Witkoppen Drive & The Straight, Fourways, Sandton","Pineslopes Shopping Centre, Fourways","Pineslopes Shopping Centre, Fourways, Sandton",28.014375,-26.021111,Mexican,330,Rand(R),23.76,No,No,No,No,4,4.3,Green,Very Good,488
6401054,Kloof Street House,189,South Africa,Cape Town,"30 Kloof Street, Gardens, Cape Town",Gardens,"Gardens, Cape Town",18.4125,-33.9285,Mediterranean,350,Rand(R),25.2,No,No,No,No,4,4.5,Dark Green,Excellent,356
6502688,Craft,189,South Africa,Johannesburg,"33, 4th Avenue corner of 13th street, Parkhurst, Johannesburg",Parkhurst,"Parkhurst, Johannesburg",28.017548,-26.138396,"European, Pizza",350,Rand(R),25.2,No,No,No,No,4,4.1,Green,Very Good,1207
6515130,Hudsons,189,South Africa,Johannesburg,"Corner 4th Avenue & 14th Street, Parkhurst, Johannesburg",Parkhurst,"Parkhurst, Johannesburg",28.018022,-26.137391,"Burger, Finger Food, Pizza",350,Rand(R),25.2,No,No,No,No,4,4,Green,Very Good,861
6502341,The Wolfpack,189,South Africa,Johannesburg,"21, 4th Avenue, Parkhurst, Johannesburg",Parkhurst,"Parkhurst, Johannesburg",28.017146,-26.140464,"American, Burger",350,Rand(R),25.2,No,No,No,No,4,4.1,Green,Very Good,1024
6401732,La Parada,189,South Africa,Cape Town,"107 Bree Street, CBD, Cape Town",CBD,"CBD, Cape Town",18.41789313,-33.92154333,"Spanish, Tapas",360,Rand(R),25.92,No,No,No,No,4,3.7,Yellow,Good,255
18199767,Carbon Bistro,189,South Africa,Pretoria,"279 Dey Street, Brooklyn, Pretoria",Brooklyn,"Brooklyn, Pretoria",28.230606,-25.772304,"Burger, Steak, Seafood",360,Rand(R),25.92,No,No,No,No,4,4.1,Green,Very Good,84
6502857,Remo's Maximilliano,189,South Africa,Sandton,"Waterfall Corner Mall, Corner of Maxwell & Woodmead Drives, Woodmead, Sandton","Waterfall Corner Mall, Midrand","Waterfall Corner Mall, Midrand, Sandton",28.089878,-26.02172,"Italian, Pizza",360,Rand(R),25.92,No,No,No,No,4,3.8,Yellow,Good,390
75728,Blos Cafe,189,South Africa,Pretoria,"66 Olympus street, Faerie Glen, Pretoria",Faerie Glen,"Faerie Glen, Pretoria",28.331763,-25.798167,"Cafe, Burger, Tapas, South African, European, Grill",390,Rand(R),28.08,No,No,No,No,4,3.9,Yellow,Good,150
18376948,Old Town Italy,189,South Africa,Pretoria,"Shop 53, Menlyn Maine, Central Square, 180 Amarand Avenue, Waterkloof Glen, Pretoria","Menlyn Maine, Waterkloof Glen","Menlyn Maine, Waterkloof Glen, Pretoria",28.283896,-25.786067,"Cafe, Italian, Pizza, European, Bakery, Deli",400,Rand(R),28.8,No,No,No,No,4,3.9,Yellow,Good,153
75764,Life Grand Cafe,189,South Africa,Pretoria,"The Club Centre, Corner of Pinaster Avenue & 18th Street, Hazelwood, Near, Waterkloof, Pretoria","The Club Centre, Hazelwood, Near Waterkloof","The Club Centre, Hazelwood, Near Waterkloof, Pretoria",28.256922,-25.777898,"Italian, Mediterranean, Sushi, Desserts",400,Rand(R),28.8,No,No,No,No,4,4.1,Green,Very Good,232
6515339,Cafe Del Sol Botanico,189,South Africa,Sandton,"Bryanston Shopping Centre, Corner of William Nicol & Ballyclare Dr, Bryanston, Sandton, Bryanston, Johannesburg","Bryanston Shopping Centre, Bryanston","Bryanston Shopping Centre, Bryanston, Sandton",28.027725,-26.074876,"Italian, Pizza, Beverages, Desserts, Grill, Seafood",400,Rand(R),28.8,No,No,No,No,4,4.4,Green,Very Good,499
6517568,Jamie's Italian,189,South Africa,Sandton,"Shop 00513, Building 13, High Street, Melrose Arch, Sandton","Melrose Arch, Melrose ","Melrose Arch, Melrose , Sandton",28.068062,-26.13233,Italian,400,Rand(R),28.8,No,No,No,No,4,4.1,Green,Very Good,251
5800144,Carnival Ice Cream,191,Sri Lanka,Colombo,"263, Galle Road, Near NSB ATM, Kollupitiya, Colombo 03","Kollupitiya, Colombo 03","Kollupitiya, Colombo 03, Colombo",79.85007349,6.910538311,"Desserts, Ice Cream",1000,Sri Lankan Rupee(LKR),5.7,No,No,No,No,2,4.1,Green,Very Good,122
5800612,Burger's King,191,Sri Lanka,Colombo,"1, Vellons Passage, Slave Island, Colombo 02","Slave Island, Colombo 02","Slave Island, Colombo 02, Colombo",79.85074807,6.923933284,Fast Food,1000,Sri Lankan Rupee(LKR),5.7,No,No,No,No,2,4.1,Green,Very Good,199
5800718,Simply Strawberries By Jagro,191,Sri Lanka,Colombo,"131, Vijaya Kumaratunge Mawathu, Havelock Town, Colombo 05","Havelock Town, Colombo 05","Havelock Town, Colombo 05, Colombo",79.87943333,6.883738889,"Juices, Desserts",1300,Sri Lankan Rupee(LKR),7.41,No,No,No,No,2,4.5,Dark Green,Excellent,146
5800515,Malay Restaurant,191,Sri Lanka,Colombo,"115, Hill Street, Dehiwala, Colombo","Dehiwala, Colombo","Dehiwala, Colombo, Colombo",79.87088978,6.850283043,"Malaysian, North Indian, Sri Lankan",1500,Sri Lankan Rupee(LKR),8.55,No,No,No,No,2,3.5,Yellow,Good,80
5800634,Elite Indian Restaurant,191,Sri Lanka,Colombo,"124, New Bullers Road, Bambalapitiya, Colombo 04","Bambalapitiya, Colombo 04","Bambalapitiya, Colombo 04, Colombo",79.8578301,6.8960838,"North Indian, Chinese, Sri Lankan",1800,Sri Lankan Rupee(LKR),10.26,No,No,No,No,2,2.4,Red,Poor,240
5800557,Chinese Dragon Cafe,191,Sri Lanka,Colombo,"11, Milagiriya Avenue, Bambalapitiya, Colombo 04","Bambalapitiya, Colombo 04","Bambalapitiya, Colombo 04, Colombo",79.85667843,6.88634086,Chinese,2000,Sri Lankan Rupee(LKR),11.4,No,No,No,No,3,3.4,Orange,Average,118
5800891,The Paddington,191,Sri Lanka,Colombo,"36, Barnes Place, Cinnamon Gardens, Colombo 07","Cinnamon Gardens, Colombo 07","Cinnamon Gardens, Colombo 07, Colombo",79.86849167,6.913291667,"Cafe, Italian",2000,Sri Lankan Rupee(LKR),11.4,No,No,No,No,3,3.6,Yellow,Good,83
5800156,Queen's Cafe,191,Sri Lanka,Colombo,"417, Duplication Road, Kollupitiya, Colombo 03","Kollupitiya, Colombo 03","Kollupitiya, Colombo 03, Colombo",79.85581944,6.899175,"American, Chinese, North Indian",2000,Sri Lankan Rupee(LKR),11.4,No,No,No,No,3,2.5,Orange,Average,93
5801321,Cafe Beverly,191,Sri Lanka,Colombo,"475/C, Sri Jayawardenapura Mawatha, Welikada, Rajagiriya, Colombo","Rajagiriya, Colombo","Rajagiriya, Colombo, Colombo",79.90294117,6.906814811,"Continental, American",2000,Sri Lankan Rupee(LKR),11.4,No,No,No,No,3,4.1,Green,Very Good,58
5801078,Arabian Knights,191,Sri Lanka,Colombo,"377, Opposite Amana Bank, Galle Road, Kollupitiya, Colombo 03","Kollupitiya, Colombo 03","Kollupitiya, Colombo 03, Colombo",79.852248,6.904392,"Middle Eastern, Arabian",2400,Sri Lankan Rupee(LKR),13.68,No,No,No,No,3,4.2,Green,Very Good,158
5800567,CIOCONAT Lounge,191,Sri Lanka,Colombo,"107, Barnes Place, Cinnamon Gardens, Colombo 07","Cinnamon Gardens, Colombo 07","Cinnamon Gardens, Colombo 07, Colombo",79.87511359,6.91280628,"Italian, Cafe, Desserts",2500,Sri Lankan Rupee(LKR),14.25,No,No,No,No,3,3.7,Yellow,Good,157
5800590,The Commons,191,Sri Lanka,Colombo,"39 A, Flower Road, Cinnamon Gardens, Colombo 07","Cinnamon Gardens, Colombo 07","Cinnamon Gardens, Colombo 07, Colombo",79.8581047,6.908536272,"Cafe, Sri Lankan, Continental, American",2500,Sri Lankan Rupee(LKR),14.25,No,No,No,No,3,4,Green,Very Good,209
5800755,Upali's,191,Sri Lanka,Colombo,"65, C.W.W Kannangara Mawatha, Near Town Hall, Cinnamon Gardens, Colombo 07","Cinnamon Gardens, Colombo 07","Cinnamon Gardens, Colombo 07, Colombo",79.86472741,6.912529358,Sri Lankan,2500,Sri Lankan Rupee(LKR),14.25,No,No,No,No,3,4,Green,Very Good,114
5800316,Cricket Club Cafe,191,Sri Lanka,Colombo,"12 Flower Road, Kollupitiya, Colombo 03","Kollupitiya, Colombo 03","Kollupitiya, Colombo 03, Colombo",0,0,"Continental, American, Seafood",3000,Sri Lankan Rupee(LKR),17.1,No,No,No,No,3,4.2,Green,Very Good,171
5800433,The Sizzle,191,Sri Lanka,Colombo,"32, Walukarama Road, Kollupitiya, Colombo 03","Kollupitiya, Colombo 03","Kollupitiya, Colombo 03, Colombo",79.85292778,6.904580556,"American, Fast Food, Steak, Beverages",3000,Sri Lankan Rupee(LKR),17.1,No,No,No,No,3,4.2,Green,Very Good,286
5800758,Cafe Shaze,191,Sri Lanka,Colombo,"65, Thimbirigasaya Road, Havelock Town, Colombo 05","Havelock Town, Colombo 05","Havelock Town, Colombo 05, Colombo",79.86563889,6.890905556,"Cafe, Fast Food, Beverages",3500,Sri Lankan Rupee(LKR),19.95,No,No,No,No,3,3.8,Yellow,Good,81
5800746,T.G.I. Friday's,191,Sri Lanka,Colombo,"23, Canal Row, Fort, Colombo 01","Fort, Colombo 01","Fort, Colombo 01, Colombo",79.843575,6.932547222,"American, Steak",4000,Sri Lankan Rupee(LKR),22.8,No,No,No,No,4,4,Green,Very Good,166
5800176,Ministry of Crab,191,Sri Lanka,Colombo,"Old Colombo Dutch Hospital, Fort, Colombo 01","Old Dutch Hospital, Fort","Old Dutch Hospital, Fort, Colombo",79.84423889,6.932813889,Seafood,4000,Sri Lankan Rupee(LKR),22.8,No,No,No,No,4,4.9,Dark Green,Excellent,203
5800710,The Manhattan Fish Market,191,Sri Lanka,Colombo,"31, Deal Place, Off R.A. De Mel Mawatha, Kollupitiya, Colombo 03","Kollupitiya, Colombo 03","Kollupitiya, Colombo 03, Colombo",79.85336389,6.906813889,"Seafood, Italian",4500,Sri Lankan Rupee(LKR),25.65,No,No,No,No,4,4,Green,Very Good,196
5901782,Starbucks,208,Turkey,ÛÁstanbul,"Bebek Mahallesi, Cevdetpaôa Caddesi, No 30/A, Beôiktaô, ÛÁstanbul",Bebek,"Bebek, ÛÁstanbul",29.04373437,41.07769599,Cafe,30,Turkish Lira(TL),5.1,No,No,No,No,2,4.9,Dark Green,Excellent,1042
6004408,Turta Home Cafe,208,Turkey,Ankara,"Mutlukent Mahallesi, 1944. Cadde, 1948. Sokak, No 15, íˆankaya, Ankara",íˆayyolu,"íˆayyolu, Ankara",32.70474167,39.89479444,"Cafe, Desserts",35,Turkish Lira(TL),5.95,No,No,No,No,2,4.3,Green,Very Good,126
5916085,Dem Karakí_y,208,Turkey,ÛÁstanbul,"Kemankeô Karamustafa Paôa Mahallesi, Hoca Tahsin Sokak, No 17, BeyoÛôlu, ÛÁstanbul",Karakí_y,"Karakí_y, ÛÁstanbul",28.9782365,41.02463331,Cafe,35,Turkish Lira(TL),5.95,No,No,No,No,2,4.5,Dark Green,Excellent,761
6001748,Meôhur í_zí_elik Aspava,208,Turkey,Ankara,"Kí_í_í_k Esat Mahallesi, Esat Caddesi, No 110/C, íˆankaya, Ankara",Kí_í_í_k Esat,"Kí_í_í_k Esat, Ankara",32.86663333,39.90663611,"Kebab, Turkish Pizza",40,Turkish Lira(TL),6.8,No,No,No,No,2,4.6,Dark Green,Excellent,109
6004813,Pizza ÛÁl Forno,208,Turkey,Ankara,"YÛ±ldÛ±zevler Mahallesi, 720. Sokak, No 2/B, íˆankaya, Ankara",YÛ±ldÛ±zevler,"YÛ±ldÛ±zevler, Ankara",32.86021667,39.87623889,Pizza,40,Turkish Lira(TL),6.8,No,No,No,No,2,4.7,Dark Green,Excellent,104
5915054,Baltazar,208,Turkey,ÛÁstanbul,"Kemankeô Karamustafa Paôa Mahallesi, KÛ±lÛ±í_ Ali Paôa Mescidi Sokak, No 12/A, BeyoÛôlu, ÛÁstanbul",Karakí_y,"Karakí_y, ÛÁstanbul",28.98110311,41.02578494,"Burger, Izgara",90,Turkish Lira(TL),15.3,No,No,No,No,3,4.3,Green,Very Good,870
6000447,MasabaôÛ± Kebapí_Û±sÛ±,208,Turkey,Ankara,"Balgat Mahallesi, Ziyabey Caddesi, No 35, íˆankaya, Ankara",Balgat,"Balgat, Ankara",32.8203,39.91069722,"Kebab, Turkish Pizza",100,Turkish Lira(TL),17,No,No,No,No,3,4.2,Green,Very Good,212
6000549,Meôhur TavacÛ± Recep Usta,208,Turkey,Ankara,"Gí_zeltepe Mahallesi, Dikmen Vadisi, Hoôdere Giriôi, íˆankaya, Ankara",Dikmen,"Dikmen, Ankara",32.84618889,39.88487222,Kebab,100,Turkish Lira(TL),17,No,No,No,No,3,4.5,Dark Green,Excellent,231
6002025,MasabaôÛ±,208,Turkey,Ankara,"Kocatepe Mahallesi, Mithatpaôa Caddesi, No 62/A, íˆankaya, Ankara",KÛ±zÛ±lay,"KÛ±zÛ±lay, Ankara",32.85986667,39.91914444,"Kebab, Turkish Pizza",100,Turkish Lira(TL),17,No,No,No,No,3,4.2,Green,Very Good,103
5908749,Ceviz AÛôacÛ±,208,Turkey,ÛÁstanbul,"Koôuyolu Mahallesi, Muhittin íìstí_ndaÛô Caddesi, No 85, KadÛ±kí_y, ÛÁstanbul",Koôuyolu,"Koôuyolu, ÛÁstanbul",29.04129725,41.00984672,"World Cuisine, Patisserie, Cafe",105,Turkish Lira(TL),17.85,No,No,No,No,3,4.2,Green,Very Good,1034
5916112,Aôôk Kahve,208,Turkey,ÛÁstanbul,"Kuruí_eôme Mahallesi, Muallim Naci Caddesi, No 64/B, Beôiktaô, ÛÁstanbul",Kuruí_eôme,"Kuruí_eôme, ÛÁstanbul",29.036019,41.057979,Restaurant Cafe,120,Turkish Lira(TL),20.4,No,No,No,No,4,4,Green,Very Good,901
5927248,Draft Gastro Pub,208,Turkey,ÛÁstanbul,"Caddebostan Mahallesi, BaÛôdat Caddesi, No 349, Kat 1, KadÛ±kí_y, ÛÁstanbul",Caddebostan,"Caddebostan, ÛÁstanbul",29.07411609,40.96393456,Bar Food,130,Turkish Lira(TL),22.1,No,No,No,No,4,4.9,Dark Green,Excellent,522
6000409,Cafemiz,208,Turkey,Ankara,"Gaziosmanpaôa Mahallesi, Arjantin Caddesi, No 19, íˆankaya, Ankara",Gazi Osman Paôa,"Gazi Osman Paôa, Ankara",32.86568333,39.89787222,"World Cuisine, Mexican, Italian",150,Turkish Lira(TL),25.5,No,No,No,No,4,4.4,Green,Very Good,115
5915807,Huqqa,208,Turkey,ÛÁstanbul,"Kuruí_eôme Mahallesi, Muallim Naci Caddesi, No 56, Beôiktaô, ÛÁstanbul",Kuruí_eôme,"Kuruí_eôme, ÛÁstanbul",29.03464001,41.05581715,"Italian, World Cuisine",170,Turkish Lira(TL),28.9,No,No,No,No,4,3.7,Yellow,Good,661
6000019,Nusr-Et,208,Turkey,Ankara,"Gaziosmanpaôa Mahallesi, _ehit í_mer Haluk SipahioÛôlu Sokak, No 8, íˆankaya, Ankara",Gazi Osman Paôa,"Gazi Osman Paôa, Ankara",32.86483333,39.89966667,Steak,400,Turkish Lira(TL),68,No,No,No,No,4,4.1,Green,Very Good,97
18376208,Derby,214,UAE,Sharjah,"Al Khan Street, Al Majaz 3, Al Majaz, Sharjah",Al Majaz,"Al Majaz, Sharjah",55.37086055,25.33045321,"Fast Food, American",40,Emirati Diram(AED),10.8,No,No,No,No,2,4.1,Green,Very Good,33
5704118,Tikka Tonight,214,UAE,Abu Dhabi,"Behind RAK Bank, Sanaiya ME11, Mussafah Sanaiya, Abu Dhabi",Mussafah Sanaiya,"Mussafah Sanaiya, Abu Dhabi",54.51003961,24.36312973,"Pakistani, Afghani, Indian, Hyderabadi",50,Emirati Diram(AED),13.5,No,Yes,No,No,2,4,Green,Very Good,277
5600960,Al Mukhtar Bakery,214,UAE,Sharjah,"Near Safeer Mall, Al Nahda, Sharjah",Al Nahda,"Al Nahda, Sharjah",55.37728127,25.3084117,"Bakery, Arabian, Middle Eastern",50,Emirati Diram(AED),13.5,No,No,No,No,2,4.2,Green,Very Good,142
5602884,Sis Burger,214,UAE,Sharjah,"Behind ADNOC Petrol Station,Univercity City Road, University City, Sharjah",University City,"University City, Sharjah",55.45425095,25.31127229,"Fast Food, Burger",50,Emirati Diram(AED),13.5,No,No,No,No,2,3.8,Yellow,Good,12
5700386,Sangeetha Vegetarian Restaurant,214,UAE,Abu Dhabi,"Opposite Cristal Hotel, Behind KM Trading, Electra Street, Madinat Zayed, Abu Dhabi",Madinat Zayed,"Madinat Zayed, Abu Dhabi",54.36377607,24.48525254,"Indian, South Indian",60,Emirati Diram(AED),16.2,No,Yes,No,No,2,3.6,Yellow,Good,268
5601340,Aroos Damascus,214,UAE,Sharjah,"Opposite Emirates NBD, Near First Gulf Bank, King Abdul Aziz Street, Al Nud, Sharjah",Al Nud,"Al Nud, Sharjah",55.39045796,25.34640794,"Arabian, Middle Eastern",60,Emirati Diram(AED),16.2,No,No,No,No,3,4.2,Green,Very Good,444
5602055,Rajasthan Al Malaki,214,UAE,Sharjah,"Behind DPS Sharjah Primary School, Muwailih Commercial, Sharjah",Muwailih Commercial,"Muwailih Commercial, Sharjah",55.45195531,25.2887722,"Indian, North Indian",60,Emirati Diram(AED),16.2,No,No,No,No,3,4.8,Dark Green,Excellent,459
5600642,Katis Restaurant,214,UAE,Sharjah,"Opposite Safeer Market, Al Khan Street, Al Khan, Sharjah",Al Khan,"Al Khan, Sharjah",55.37637066,25.32578908,"Indian, North Indian, Chinese",65,Emirati Diram(AED),17.55,No,No,No,No,3,4.3,Green,Very Good,316
5701729,Sofra Istanbul,214,UAE,Abu Dhabi,"Next to ADNOC Petrol Station, Muroor Road, Al Dhafrah, Abu Dhabi",Al Dhafrah,"Al Dhafrah, Abu Dhabi",54.37127855,24.47756501,"Turkish, Arabian, Middle Eastern",70,Emirati Diram(AED),18.9,No,No,No,No,2,4.3,Green,Very Good,224
5701548,Bait El Khetyar,214,UAE,Abu Dhabi,"Al Najda Street, Najda, Abu Dhabi",Najda,"Najda, Abu Dhabi",54.37143378,24.48841145,"Lebanese, Arabian, Middle Eastern",70,Emirati Diram(AED),18.9,No,Yes,No,No,2,4,Green,Very Good,380
5701917,P.F. Chang's,214,UAE,Abu Dhabi,"Level 1, World Trade Center Mall, Central Market, Al Markaziya, Abu Dhabi","World Trade Center Mall, Al Markaziya","World Trade Center Mall, Al Markaziya, Abu Dhabi",54.35782894,24.48761082,Chinese,250,Emirati Diram(AED),67.5,No,No,No,No,4,4.2,Green,Very Good,435
202507,Applebee's,214,UAE,Dubai,"Sheikh Issa Tower, Sheikh Zayed Road, Trade Centre Area, Dubai",Trade Centre Area,"Trade Centre Area, Dubai",55.27430557,25.21135663,"American, Mexican, Burger",250,Emirati Diram(AED),67.5,No,Yes,No,No,3,3.7,Yellow,Good,500
5600556,TGI Friday's,214,UAE,Sharjah,"Majaz Waterfront, Buhairah Corniche, Al Majaz 3, Al Majaz, Sharjah","Majaz Waterfront, Al Majaz 3","Majaz Waterfront, Al Majaz 3, Sharjah",55.38781766,25.32774497,"American, Mexican",250,Emirati Diram(AED),67.5,No,Yes,No,No,4,3.9,Yellow,Good,357
5601521,Applebee's,214,UAE,Sharjah,"Opposite Jumbo Electronics, Level 2, Sahara Centre, Al Nahda, Sharjah","Sahara Centre, Al Nahda","Sahara Centre, Al Nahda, Sharjah",55.37353624,25.29782287,"American, Mexican, Burger",250,Emirati Diram(AED),67.5,No,Yes,No,No,4,4.1,Green,Very Good,197
5704255,Famous Dave's Barbecue,214,UAE,Abu Dhabi,"Near The One, Level 3, Abu Dhabi Mall, Tourist Club Area (Al Zahiyah), Abu Dhabi","Abu Dhabi Mall, Tourist Club Area  (Al Zahiyah)","Abu Dhabi Mall, Tourist Club Area  (Al Zahiyah), Abu Dhabi",54.38294616,24.49569253,American,260,Emirati Diram(AED),70.2,No,Yes,No,No,4,4.6,Dark Green,Excellent,376
201340,The Cheesecake Factory,214,UAE,Dubai,"Ground Level, Near Aquarium, The Dubai Mall, Downtown Dubai, Dubai","The Dubai Mall,Downtown Dubai","The Dubai Mall,Downtown Dubai, Dubai",55.27856994,25.19726756,"American, Desserts",270,Emirati Diram(AED),72.9,No,No,No,No,3,4.7,Dark Green,Excellent,2424
202321,The Farm,214,UAE,Dubai,"Al Barari Villas, Opposite Falcon City, Al Barari, Dubai",Al Barari,"Al Barari, Dubai",55.310519,25.095044,"Mediterranean, Italian, Thai, European",280,Emirati Diram(AED),75.6,Yes,No,No,No,3,3.9,Yellow,Good,927
201044,Red Lobster,214,UAE,Dubai,"Near the Fountain, Lower Ground Level, The Dubai Mall, Downtown Dubai, Dubai","The Dubai Mall,Downtown Dubai","The Dubai Mall,Downtown Dubai, Dubai",55.278525,25.198291,"Seafood, American",285,Emirati Diram(AED),76.95,No,No,No,No,3,3.2,Orange,Average,506
201531,Hard Rock Cafe,214,UAE,Dubai,"Next to Marks & Spencer's, Festival City, Dubai",Festival City,"Festival City, Dubai",55.35147775,25.22399154,"American, Burger",300,Emirati Diram(AED),81,No,No,No,No,4,4.5,Dark Green,Excellent,1388
5703500,Punjab Grill,214,UAE,Abu Dhabi,"Venetian Village, Ritz Carlton Abu Dhabi, Grand Canal, Al Maqtaa, Abu Dhabi","Venetian Village, Al Maqtaa","Venetian Village, Al Maqtaa, Abu Dhabi",54.4872137,24.4106148,"Indian, North Indian",330,Emirati Diram(AED),89.1,Yes,No,No,No,4,4.9,Dark Green,Excellent,216
5700052,Cho Gao - Crowne Plaza Abu Dhabi,214,UAE,Abu Dhabi,"Crowne Plaza Abu Dhabi, Sheikh Hamdan Bin Mohammed Street, Al Markaziya, Abu Dhabi","Crowne Plaza Abu Dhabi, Al Markaziya","Crowne Plaza Abu Dhabi, Al Markaziya, Abu Dhabi",54.365694,24.491235,"Thai, Japanese, Chinese, Indonesian, Vietnamese",350,Emirati Diram(AED),94.5,Yes,Yes,No,No,4,4.4,Green,Very Good,246
18253896,Tamba,214,UAE,Abu Dhabi,"6th Floor, World Trade Centre Mall, Al Markaziya, Abu Dhabi","World Trade Center Mall, Al Markaziya","World Trade Center Mall, Al Markaziya, Abu Dhabi",54.358147,24.488161,Indian,500,Emirati Diram(AED),135,Yes,No,No,No,4,4.7,Dark Green,Excellent,201
18254160,Carnival By Tresind,214,UAE,Dubai,"Podium Level, Burj Daman, DIFC, Dubai",DIFC,"DIFC, Dubai",55.281966,25.211183,Indian,500,Emirati Diram(AED),135,Yes,No,No,No,4,4.9,Dark Green,Excellent,322
208850,Tresind - Nassima Royal Hotel,214,UAE,Dubai,"Level 2, Nassima Royal Hotel, Sheikh Zayad Road, Trade Centre Area, Dubai","Nassima Royal Hotel, Trade Centre Area","Nassima Royal Hotel, Trade Centre Area, Dubai",55.28256778,25.22347744,Indian,500,Emirati Diram(AED),135,Yes,No,No,No,4,4.9,Dark Green,Excellent,1352
6900714,Pepe's Piri Piri,215,United Kingdom,Birmingham,"254-256 Alum Rock Road, Alum Rock, Birmingham B8 3DD",Alum Rock,"Alum Rock, Birmingham",-1.846811,52.488557,Fast Food,10,Pounds(Œ£),13.1,No,No,No,No,1,2.8,Orange,Average,26
6900883,Ju Ju's Cafe,215,United Kingdom,Birmingham,"1 Canal Square, Brindleyplace, Birmingham B16 8EH",Brindleyplace,"Brindleyplace, Birmingham",-1.918049,52.477569,"Cafe, British",15,Pounds(Œ£),19.65,No,No,No,No,1,3.7,Yellow,Good,13
6901394,Jamjar,215,United Kingdom,Birmingham,"418 Coventry Road, Small Heath, Birmingham B10 0TH",Small Heath,"Small Heath, Birmingham",-1.860593,52.470571,"Ice Cream, Desserts, Cafe",15,Pounds(Œ£),19.65,No,No,No,No,1,3.1,Orange,Average,11
7600097,Love Crumbs,215,United Kingdom,Edinburgh,"155 West Port, Old Town, Edinburgh EH3 9DP",Old Town,"Old Town, Edinburgh",-3.201683333,55.94595,"Bakery, Cafe",15,Pounds(Œ£),19.65,No,No,No,No,2,4.1,Green,Very Good,57
6800538,Archies,215,United Kingdom,Manchester,"72 Oxford Road, University District, Oxford Road, Manchester M1 5NH",Oxford Road,"Oxford Road, Manchester",-2.241047,53.474221,"Fast Food, American",15,Pounds(Œ£),19.65,No,No,No,No,1,3.4,Orange,Average,25
6901062,The Warehouse Cafe,215,United Kingdom,Birmingham,"54-57 Allison Street, Digbeth, Birmingham B5 5TH",Digbeth,"Digbeth, Birmingham",-1.890569,52.477388,"British, Cafe",20,Pounds(Œ£),26.2,No,No,No,No,2,3.8,Yellow,Good,38
18273002,Damascena Coffee House,215,United Kingdom,Birmingham,"133 Alcester Road, Moseley, Birmingham",Moseley,"Moseley, Birmingham",-1.888555455,52.44630234,"Greek, Mediterranean, Middle Eastern",20,Pounds(Œ£),26.2,No,No,No,No,2,0,White,Not rated,3
7600921,Steak,215,United Kingdom,Edinburgh,"14 Picardy Place, New Town, Edinburgh EH1 3JT","Twelve Picardy Place, New Town","Twelve Picardy Place, New Town, Edinburgh",-3.186854,55.957033,"Steak, Scottish, British",55,Pounds(Œ£),72.05,No,No,No,No,4,4.2,Green,Very Good,64
6114829,Duck & Waffle,215,United Kingdom,London,"Heron Tower, 110 Bishopsgate, City of London, London EC2N 4AY","Bishopsgate, City Of London","Bishopsgate, City Of London, London",-0.080963,51.516284,British,55,Pounds(Œ£),72.05,No,No,No,No,3,4.9,Dark Green,Excellent,706
6103922,Dishoom,215,United Kingdom,London,"7 Boundary Street, Shoreditch, London E2 7JE","Boundary Street, Shoreditch","Boundary Street, Shoreditch, London",-0.076580556,51.52453611,"Indian, Cafe, Curry",55,Pounds(Œ£),72.05,No,No,No,No,3,4.5,Dark Green,Excellent,305
6800235,The Grill On The Alley,215,United Kingdom,Manchester,"5 RIdgefield, Deansgate, Manchester M2 6EG",Deansgate,"Deansgate, Manchester",-2.247333333,53.48083333,"Steak, Seafood, Grill",55,Pounds(Œ£),72.05,No,No,No,No,3,4.4,Green,Very Good,704
6801873,Mr Cooper's House & Garden - The Midland,215,United Kingdom,Manchester,"The Midland, Peter Street, Deansgate, Manchester M60 2DS","The Midland, Deansgate","The Midland, Deansgate, Manchester",-2.245034,53.477358,"European, Mediterranean, Contemporary",55,Pounds(Œ£),72.05,Yes,No,No,No,3,4.2,Green,Very Good,67
6900374,Bank,215,United Kingdom,Birmingham,"4 Brindleyplace, Brindleyplace, Birmingham B1 2JB","Brindleyplace, Broad Street","Brindleyplace, Broad Street, Birmingham",-1.914805,52.477693,"British, Steak",60,Pounds(Œ£),78.6,Yes,No,No,No,3,4,Green,Very Good,133
6103255,Roka,215,United Kingdom,London,"37 Charlotte Street, Fitzrovia, London W1T 1RR","Charlotte Street, Fitzrovia","Charlotte Street, Fitzrovia, London",-0.135524,51.518935,"Japanese, Sushi",60,Pounds(Œ£),78.6,No,No,No,No,3,4.6,Dark Green,Excellent,436
6800569,Chaophraya,215,United Kingdom,Manchester,"19 Chapel Walks, City Center, Market Street, Manchester M2 1HN",Market Street,"Market Street, Manchester",-2.243505,53.48174,Thai,70,Pounds(Œ£),91.7,Yes,No,No,No,4,4.3,Green,Very Good,422
6900388,Lasan Restaurant,215,United Kingdom,Birmingham,"3-4 Dakota Buildings, James Street, Saint Paul's Square, Jewellery Quarter, Birmingham B3 1SD",Jewellery Quarter,"Jewellery Quarter, Birmingham",-1.907596,52.485015,Indian,80,Pounds(Œ£),104.8,No,No,No,No,4,4.1,Green,Very Good,213
6118140,Gymkhana,215,United Kingdom,London,"42 Albemarle Street, Mayfair, London W1S 4JH","Albemarle Street, Mayfair","Albemarle Street, Mayfair, London",-0.141645,51.508515,"Indian, Pakistani, Curry",80,Pounds(Œ£),104.8,Yes,No,No,No,4,4.7,Dark Green,Excellent,214
6800892,Gaucho,215,United Kingdom,Manchester,"2A St Mary's Street, Spinningfields, Manchester M3 2LB",Spinningfields,"Spinningfields, Manchester",-2.247633,53.482261,"Argentine, American",80,Pounds(Œ£),104.8,No,No,No,No,4,4.5,Dark Green,Excellent,602
6801867,Manchester House,215,United Kingdom,Manchester,"Tower 12, 18-22 Bridge Street, Deansgate, Manchester M3 3BZ",Deansgate,"Deansgate, Manchester",-2.250806,53.48124,British,85,Pounds(Œ£),111.35,No,No,No,No,4,4,Green,Very Good,52
7601241,The Kitchin,215,United Kingdom,Edinburgh,"78 Commercial Street, Leith, Edinburgh EH6 6LX",Leith,"Leith, Edinburgh",-3.172778,55.97698,"British, French",90,Pounds(Œ£),117.9,No,No,No,No,4,4.4,Green,Very Good,275
6103902,Yauatcha,215,United Kingdom,London,"15-17 Broadwick Street, Soho, London W1F 0DL","Broadwick Street, Soho","Broadwick Street, Soho, London",-0.135229,51.513739,"Chinese, Dim Sum",90,Pounds(Œ£),117.9,Yes,No,No,No,4,4.7,Dark Green,Excellent,1326
7600914,The Witchery & The Secret Garden,215,United Kingdom,Edinburgh,"Castlehill, The Royal Mile, Old Town, Edinburgh EH12NF",Old Town,"Old Town, Edinburgh",-3.19575,55.94828056,"British, Scottish, Seafood",100,Pounds(Œ£),131,Yes,No,No,No,4,4.1,Green,Very Good,200
6113857,sketch Gallery,215,United Kingdom,London,"sketch, 9 Conduit Street, Mayfair, London W1S 2XG","Conduit Street, Mayfair","Conduit Street, Mayfair, London",-0.141557,51.512669,"British, Contemporary",100,Pounds(Œ£),131,No,No,No,No,4,4.5,Dark Green,Excellent,148
6103868,Nobu,215,United Kingdom,London,"15 Berkeley Street, Mayfair, London W1J 8DY",Mayfair,Mayfair,-0.143259,51.508811,"Japanese, Sushi",100,Pounds(Œ£),131,Yes,No,No,No,4,4.4,Green,Very Good,311
6900674,Purnell's,215,United Kingdom,Birmingham,"55 Cornwall Street, Colmore Business District, Birmingham B3 2DH",Colmore Business District,"Colmore Business District, Birmingham",-1.901843,52.483643,Contemporary,120,Pounds(Œ£),157.2,No,No,No,No,4,4.5,Dark Green,Excellent,265
6102866,Hakkasan,215,United Kingdom,London,"17 Bruton Street, Mayfair, London W1J 6QB",Mayfair,Mayfair,-0.144861,51.510342,"Chinese, Dim Sum",120,Pounds(Œ£),157.2,Yes,No,No,No,4,4.8,Dark Green,Excellent,395
6800782,The French by Simon Rogan - The Midland,215,United Kingdom,Manchester,"The Midland, Peter Street, Deansgate, Manchester M60 2DS","The Midland, Deansgate","The Midland, Deansgate, Manchester",-2.245077,53.477154,French,160,Pounds(Œ£),209.6,No,No,No,No,4,4.3,Green,Very Good,114
6113680,Restaurant Gordon Ramsay,215,United Kingdom,London,"68 Royal Hospital Road, Chelsea, London SW3 4HP",Chelsea,Chelsea,-0.162092,51.485509,French,230,Pounds(Œ£),301.3,No,No,No,No,4,4.7,Dark Green,Excellent,320
17284404,Austin's BBQ and Oyster Bar,216,United States,Albany,"2820 Meredyth Dr, Albany, GA 31707",Albany,"Albany, Albany",-84.221535,31.610387,"BBQ, Burger, Seafood",25,Dollar($),,No,No,No,No,2,3.3,Orange,Average,35
17284203,BJ's Country Buffet,216,United States,Albany,"2401 Dawson Rd, Albany, GA 31707",Albany,"Albany, Albany",-84.207095,31.608743,"American, BBQ",10,Dollar($),,No,No,No,No,1,3.3,Orange,Average,25
17284105,Cookie Shoppe,216,United States,Albany,"115 N Jackson St, Albany, GA 31701",Albany,"Albany, Albany",-84.154,31.5772,,0,Dollar($),,No,No,No,No,1,3.4,Orange,Average,34
17284302,El Vaquero Mexican Restaurant,216,United States,Albany,"2700 Dawson Rd, Albany, GA 31707",Albany,"Albany, Albany",-84.2194,31.6158,Mexican,0,Dollar($),,No,No,No,No,1,3.4,Orange,Average,45
17284397,Elements Coffee Co - Northwest,216,United States,Albany,"2726 Ledo Rd Ste 10, Albany, GA 31707",Albany,"Albany, Albany",-84.206944,31.622412,"Coffee and Tea, Sandwich",10,Dollar($),,No,No,No,No,1,3.4,Orange,Average,26
17284211,Pearly's Famous Country Cookng,216,United States,Albany,"814 N Slappey Blvd, Albany, GA 31701",Albany,"Albany, Albany",-84.1759,31.5882,,0,Dollar($),,No,No,No,No,1,3.4,Orange,Average,36
17284094,Chick-fil-A,216,United States,Albany,"2703 Dawson Rd, Albany, GA 31707",Albany,"Albany, Albany",-84.2193,31.616,Fast Food,10,Dollar($),,No,No,No,No,1,3.5,Yellow,Good,67
17284409,Guang Zhou Chinese Restaurant,216,United States,Albany,"1214 N Westover Blvd, Albany, GA 31707",Albany,"Albany, Albany",-84.2091458,31.6155186,"Asian, Chinese, Vegetarian",10,Dollar($),,No,No,No,No,1,3.9,Yellow,Good,141
17284139,Harvest Moon,216,United States,Albany,"2347 Dawson Road, Albany, GA 31707",Albany,"Albany, Albany",-84.205718,31.604905,"Pizza, Bar Food, Sandwich",25,Dollar($),,No,No,No,No,2,3.7,Yellow,Good,147
17284403,Henry Campbell's Steakhouse,216,United States,Albany,"629 N. Westover Blvd, Albany, GA 31707",Albany,"Albany, Albany",-84.223278,31.612121,"Steak, Tapas, Bar Food",70,Dollar($),,No,No,No,No,4,3.5,Yellow,Good,51
17284145,Hong Kong Cafe,216,United States,Albany,"2700 Dawson Rd, Albany, GA 31707",Albany,"Albany, Albany",-84.2191,31.6156,"Chinese, Seafood, Vegetarian",25,Dollar($),,No,No,No,No,2,3.6,Yellow,Good,88
17284150,House of China Restaurant II,216,United States,Albany,"2526 Dawson Rd Ste A, Albany, GA 31707",Albany,"Albany, Albany",-84.212,31.6104,Chinese,10,Dollar($),,No,No,No,No,1,3.8,Yellow,Good,153
17284158,Jimmie's Hot Dogs,216,United States,Albany,"204 S Jackson St, Albany, GA 31701",Albany,"Albany, Albany",-84.1534,31.5751,,10,Dollar($),,No,No,No,No,1,3.9,Yellow,Good,160
17284175,Locos Grill & Pub,216,United States,Albany,"547 N Westover Blvd, Albany, GA 31707",Albany,"Albany, Albany",-84.2228,31.6077,"American, Burger, Sandwich",25,Dollar($),,No,No,No,No,2,3.5,Yellow,Good,57
17284179,Longhorn Steakhouse,216,United States,Albany,"2733 Dawson Rd, Albany, GA 31707",Albany,"Albany, Albany",-84.2229,31.6185,"American, Steak",25,Dollar($),,No,No,No,No,2,3.5,Yellow,Good,58
17284197,Mikata Japanese Steakhouse,216,United States,Albany,"2610 Dawson Rd, Albany, GA 31707",Albany,"Albany, Albany",-84.2164,31.6137,"Japanese, Steak, Sushi",40,Dollar($),,No,No,No,No,3,3.6,Yellow,Good,115
17284241,Shogun Japanese Steak House,216,United States,Albany,"629 N Westover Blvd, Albany, GA 31707",Albany,"Albany, Albany",-84.2233,31.6118,"Japanese, Steak, Sushi",40,Dollar($),,No,No,No,No,3,3.5,Yellow,Good,51
17284390,The Catch Seafood Room & Oyster Bar,216,United States,Albany,"2332 Whispering Pines Road, Albany, GA 31707",Albany,"Albany, Albany",-84.205025,31.605882,"Seafood, Tapas, Bar Food",40,Dollar($),,No,No,No,No,3,3.8,Yellow,Good,250
17284279,Villa Gargano,216,United States,Albany,"1604 N Slappey Blvd, Albany, GA 31701",Albany,"Albany, Albany",-84.1757,31.5985,"Italian, Pizza",10,Dollar($),,No,No,No,No,1,3.7,Yellow,Good,117
17284364,3 Squares Diner,216,United States,Albany,"202 W Franklin St, Sylvester, GA 31791",Sylvester,"Sylvester, Albany",-83.8389,31.5308,"American, Breakfast, Diner",10,Dollar($),,No,No,No,No,1,3.4,Orange,Average,20
17293281,Last Resort Grill,216,United States,Athens,"184 W Clayton St, Athens, GA 30601",Athens,"Athens, Athens",-83.378273,33.957999,"American, Southern, Southwestern",40,Dollar($),,No,No,No,No,3,4.5,Dark Green,Excellent,1821
17293301,Mama's Boy Restaurant,216,United States,Athens,"197 Oak St, GA 30601",Athens,"Athens, Athens",-83.3654,33.9535,Southern,10,Dollar($),,No,No,No,No,1,4.5,Dark Green,Excellent,849
17293409,Sr. Sol 1,216,United States,Athens,"175 Tallassee Rd, Athens, GA 30606",Athens,"Athens, Athens",-83.4293,33.9652,Mexican,10,Dollar($),,No,No,No,No,1,4.6,Dark Green,Excellent,917
17293163,Choo Choo Eastside,216,United States,Athens,"1055 Gaines School Rd Ste 100, Athens, GA 30605",Athens,"Athens, Athens",-83.3389,33.9259,"Japanese, Korean",10,Dollar($),,No,No,No,No,1,3.9,Yellow,Good,439
